{"loss":{"0":0.3334527016,"1":0.1539381742,"2":0.1143129766,"3":0.0910553709,"4":0.0788056552,"5":0.0662173703,"6":0.0537574328,"7":0.0508568473,"8":0.0454875305,"9":0.0407678895,"10":0.0367797464,"11":0.0361649767,"12":0.0297626201,"13":0.0305825677,"14":0.0259753391,"15":0.0222931523,"16":0.0229526069,"17":0.0202321075,"18":0.0203782991,"19":0.0196643453,"20":0.0191566534,"21":0.0167254489,"22":0.0144556649,"23":0.0158633795,"24":0.0155847734,"25":0.0119428821,"26":0.0113743562,"27":0.0155893452,"28":0.0118814111,"29":0.0110623837,"30":0.0128486501,"31":0.0126388725,"32":0.0091338987,"33":0.0116116172,"34":0.0093171885,"35":0.0081127947,"36":0.008734283,"37":0.0061839372,"38":0.0075952252,"39":0.0075318255,"40":0.0124736587,"41":0.0057294844,"42":0.007971378,"43":0.0054884795,"44":0.0071560694,"45":0.0068867309,"46":0.0073701055,"47":0.0067049726,"48":0.0079508126,"49":0.0077912468,"50":0.0072358991,"51":0.003922943,"52":0.0050777602,"53":0.0051207147,"54":0.0059193745,"55":0.005996672,"56":0.0067707496,"57":0.0047810399,"58":0.0063406141,"59":0.0030812372,"60":0.0038592678,"61":0.004004145,"62":0.0046700542,"63":0.0048452495,"64":0.0032236527,"65":0.0049872841,"66":0.006170114,"67":0.0054122279,"68":0.0032269959,"69":0.005443268,"70":0.0054318127,"71":0.0050396305,"72":0.0050754417,"73":0.00306714,"74":0.0039712004,"75":0.0033942019,"76":0.0046354765,"77":0.0060084998,"78":0.0053083571,"79":0.0038880554,"80":0.0033929686,"81":0.0025419591,"82":0.0049005467,"83":0.003192662,"84":0.0025799761,"85":0.0045067277,"86":0.0032724645,"87":0.0031552194,"88":0.0029181431,"89":0.0028202401,"90":0.0020040504,"91":0.0031712498,"92":0.0043307915,"93":0.0035367962,"94":0.0037733074,"95":0.003437351,"96":0.0022148651,"97":0.0018622498,"98":0.003115382,"99":0.0028882781},"accuracy":{"0":0.8979600072,"1":0.9557800293,"2":0.9659600258,"3":0.9735000134,"4":0.9769399762,"5":0.9802399874,"6":0.9842000008,"7":0.9843999743,"8":0.9863200188,"9":0.9879400134,"10":0.9890800118,"11":0.9895200133,"12":0.9911599755,"13":0.9910399914,"14":0.992380023,"15":0.9931200147,"16":0.9930400252,"17":0.9941800237,"18":0.993900001,"19":0.9943000078,"20":0.9943799973,"21":0.9951599836,"22":0.995840013,"23":0.9951999784,"24":0.9951599836,"25":0.9962800145,"26":0.9964399934,"27":0.9953600168,"28":0.9964600205,"29":0.9966199994,"30":0.9962599874,"31":0.9961400032,"32":0.9970399737,"33":0.9970200062,"34":0.9971399903,"35":0.9976400137,"36":0.9972000122,"37":0.9980999827,"38":0.9977200031,"39":0.997879982,"40":0.9966999888,"41":0.9980400205,"42":0.9973800182,"43":0.9983800054,"44":0.997879982,"45":0.998059988,"46":0.9978600144,"47":0.9979000092,"48":0.9975600243,"49":0.9976800084,"50":0.9980000257,"51":0.9989200234,"52":0.9986199737,"53":0.9984400272,"54":0.9982600212,"55":0.9981600046,"56":0.9982600212,"57":0.9985200167,"58":0.9980199933,"59":0.9990199804,"60":0.998939991,"61":0.9989799857,"62":0.9987000227,"63":0.9985399842,"64":0.9991599917,"65":0.998480022,"66":0.9983599782,"67":0.9983999729,"68":0.999119997,"69":0.9980999827,"70":0.9984400272,"71":0.9987999797,"72":0.9985600114,"73":0.999119997,"74":0.9988999963,"75":0.9988999963,"76":0.9986000061,"77":0.9984599948,"78":0.9985200167,"79":0.9988999963,"80":0.9992399812,"81":0.9993399978,"82":0.9987000227,"83":0.9990199804,"84":0.9990800023,"85":0.9989799857,"86":0.9991599917,"87":0.9992799759,"88":0.9991999865,"89":0.9991999865,"90":0.9993199706,"91":0.9993000031,"92":0.9988200068,"93":0.9991000295,"94":0.9990000129,"95":0.9988600016,"96":0.9994999766,"97":0.9994199872,"98":0.999119997,"99":0.9992799759},"val_loss":{"0":0.1721576005,"1":0.1117183566,"2":0.1360307783,"3":0.0966582447,"4":0.1005034372,"5":0.0882337317,"6":0.090339832,"7":0.1038229987,"8":0.094031021,"9":0.0862758681,"10":0.0869253576,"11":0.0824782774,"12":0.0812653452,"13":0.0836166441,"14":0.0825669914,"15":0.084949486,"16":0.0880624875,"17":0.090491876,"18":0.088209182,"19":0.0854070932,"20":0.0849026889,"21":0.0743920133,"22":0.0961016119,"23":0.0871715546,"24":0.0829064548,"25":0.0981284156,"26":0.0902526528,"27":0.0957459807,"28":0.0818986893,"29":0.0919156596,"30":0.0927554592,"31":0.0908097252,"32":0.0930349156,"33":0.0826367885,"34":0.0860483497,"35":0.0882385671,"36":0.1100556552,"37":0.0953308567,"38":0.098008737,"39":0.0948880762,"40":0.0865062922,"41":0.0993138775,"42":0.0878161415,"43":0.0957934484,"44":0.0960509107,"45":0.1026948392,"46":0.107990481,"47":0.099558644,"48":0.1036472917,"49":0.1064340845,"50":0.1004513055,"51":0.1003672704,"52":0.1060485318,"53":0.1028598994,"54":0.1045204699,"55":0.1082111225,"56":0.109238036,"57":0.0964271948,"58":0.0999362543,"59":0.1032901853,"60":0.0998121202,"61":0.0974153355,"62":0.0985434875,"63":0.101287052,"64":0.1121050268,"65":0.1115636379,"66":0.1064711288,"67":0.1040904894,"68":0.1063298583,"69":0.1086419895,"70":0.1072126701,"71":0.1213671044,"72":0.113461256,"73":0.1130638197,"74":0.1065288335,"75":0.1170327291,"76":0.1176443323,"77":0.1131061614,"78":0.1068946645,"79":0.1168629974,"80":0.1126786023,"81":0.111001417,"82":0.1107753515,"83":0.1159974337,"84":0.1126137227,"85":0.1079076678,"86":0.1129205301,"87":0.1079782993,"88":0.1098257303,"89":0.0968254805,"90":0.111704208,"91":0.1050156355,"92":0.1067882702,"93":0.1078072637,"94":0.1065718383,"95":0.1108746007,"96":0.1165543571,"97":0.1186829135,"98":0.109436281,"99":0.1046032235},"val_accuracy":{"0":0.9498999715,"1":0.9670000076,"2":0.9659000039,"3":0.9731000066,"4":0.9738000035,"5":0.9771999717,"6":0.9771999717,"7":0.9765999913,"8":0.9768000245,"9":0.9804000258,"10":0.9797000289,"11":0.9797999859,"12":0.9815999866,"13":0.9804000258,"14":0.9817000031,"15":0.9829000235,"16":0.980700016,"17":0.9803000093,"18":0.9810000062,"19":0.9815000296,"20":0.9822999835,"21":0.9840999842,"22":0.9811999798,"23":0.9822000265,"24":0.9847000241,"25":0.9819999933,"26":0.9846000075,"27":0.9815000296,"28":0.9848999977,"29":0.9825999737,"30":0.9829999804,"31":0.9818999767,"32":0.9825000167,"33":0.9833999872,"34":0.9858999848,"35":0.9847999811,"36":0.9796000123,"37":0.9835000038,"38":0.983099997,"39":0.9832000136,"40":0.9840999842,"41":0.9828000069,"42":0.9850999713,"43":0.9842000008,"44":0.9819999933,"45":0.9836000204,"46":0.9818000197,"47":0.9836999774,"48":0.983099997,"49":0.9833999872,"50":0.9832999706,"51":0.9847000241,"52":0.9836999774,"53":0.9851999879,"54":0.9840000272,"55":0.9832000136,"56":0.9818000197,"57":0.9854000211,"58":0.9832000136,"59":0.9829000235,"60":0.9842000008,"61":0.9835000038,"62":0.9851999879,"63":0.9854000211,"64":0.9832999706,"65":0.9825999737,"66":0.9832000136,"67":0.9842000008,"68":0.9836000204,"69":0.9839000106,"70":0.9836999774,"71":0.9833999872,"72":0.9835000038,"73":0.9832999706,"74":0.9840000272,"75":0.9836000204,"76":0.9843000174,"77":0.9839000106,"78":0.9847000241,"79":0.9839000106,"80":0.9851999879,"81":0.9850999713,"82":0.9847000241,"83":0.9853000045,"84":0.9843999743,"85":0.9854000211,"86":0.9846000075,"87":0.9840999842,"88":0.9839000106,"89":0.9847000241,"90":0.9847000241,"91":0.9840999842,"92":0.983799994,"93":0.9843999743,"94":0.9840999842,"95":0.9829999804,"96":0.9840999842,"97":0.9844999909,"98":0.9842000008,"99":0.9843999743}}